chem_diff,goal_diff,team_1,team_2,date
-10246,-7,4860,482,2010-06-21
-13468,-5,655,454,2018-06-14
-31327,-4,656,477,2014-06-18
-28934,-4,628,481,2010-06-13
-5275,-4,655,457,2006-06-19
10236,-3,455,208,2014-06-14
6238,-3,448,481,2010-06-27
2860,-3,467,212,2010-06-16
-2732,-3,627,205,2006-06-22
-3278,-3,215,478,2014-06-15
-11304,-3,4860,4789,2010-06-25
-279,-3,203,466,2018-06-27
-13114,-3,4469,205,2006-06-27
-22371,-3,202,477,2018-06-21
-38571,-3,656,205,2014-06-23
-39910,-3,659,459,2018-06-23
-55956,-3,628,164,2014-06-23
-12379,-3,207,205,2010-06-28
-311,-2,482,481,2006-07-08
-88,-2,628,211,2018-06-26
1442,-2,466,448,2018-07-07
7514,-2,455,451,2010-06-12
9639,-2,471,209,2006-06-09
22160,-2,212,214,2014-06-14
17513,-2,451,624,2014-06-22
22660,-2,479,627,2010-06-24
24933,-2,481,451,2018-06-27
-1133,-2,214,205,2018-06-22
16172,-2,477,478,2018-07-15
-1219,-2,468,210,2010-06-20
160,-2,207,449,2014-06-23
-5364,-2,203,205,2018-07-02
-4835,-2,469,452,2014-06-25
-33955,-2,479,449,2010-06-14
-26134,-2,469,482,2006-06-17
-25993,-2,214,481,2006-06-09
-21197,-2,450,162,2006-06-22
-17021,-2,6757,205,2018-06-27
-41779,-2,2627,448,2006-06-15
-8418,-2,481,162,2006-07-04
-8078,-2,164,478,2006-06-27
-7345,-2,659,164,2006-06-19
-5447,-2,2620,454,2018-06-19
-14158,-2,212,478,2018-07-06
508,-1,215,209,2014-06-20
-515,-1,659,457,2006-06-23
-962,-1,4789,208,2014-06-19
-1086,-1,202,478,2018-06-30
-2210,-1,448,459,2018-06-28
-6060,-1,657,202,2010-06-12
-7902,-1,4469,482,2014-06-26
-7921,-1,203,202,2006-06-24
-8122,-1,657,455,2010-06-17
1439,-1,203,212,2010-06-22
-8405,-1,475,207,2010-06-21
-3050,-1,2620,212,2018-06-15
1785,-1,451,212,2010-06-26
11543,-1,660,459,2014-07-01
3572,-1,477,205,2006-06-13
3585,-1,203,449,2014-06-29
7101,-1,660,4469,2006-06-22
9540,-1,628,478,2018-06-16
12308,-1,2659,659,2018-06-28
13804,-1,452,657,2014-06-21
14475,-1,478,467,2010-06-22
19113,-1,162,468,2010-06-24
25963,-1,162,214,2014-06-20
30519,-1,459,478,2018-07-10
55262,-1,164,475,2010-06-16
-8859,-1,214,471,2006-06-20
3182,-1,451,459,2014-06-26
-9605,-1,459,202,2014-07-05
-15655,-1,655,164,2006-06-23
-12249,-1,4469,660,2014-06-16
-66336,-1,210,164,2010-07-03
-11402,-1,208,627,2018-06-19
-55000,-1,478,481,2014-07-04
-52638,-1,482,164,2010-06-29
-51681,-1,202,481,2014-07-13
-48538,-1,656,449,2010-06-24
-47479,-1,627,449,2010-06-19
-40391,-1,212,449,2010-07-06
-38807,-1,657,202,2014-06-25
-29087,-1,209,448,2006-06-25
-25387,-1,451,203,2018-06-23
-25042,-1,624,472,2010-06-13
-23841,-1,628,162,2006-06-26
-57011,-1,660,481,2014-06-26
-20617,-1,4860,205,2010-06-15
-22307,-1,6757,475,2018-06-22
-12624,-1,655,212,2018-06-20
-13217,-1,451,466,2018-06-18
-13582,-1,4789,449,2006-06-16
-13643,-1,656,203,2014-06-13
-12458,-1,203,482,2006-06-21
-14265,-1,448,477,2018-07-11
-16300,-1,475,202,2014-07-01
-17100,-1,472,448,2010-06-23
-19910,-1,452,202,2014-06-15
-14043,-1,659,448,2018-06-18
2761,0,479,478,2018-06-26
10618,0,657,469,2014-06-16
2902,0,475,215,2010-06-25
4069,0,205,482,2010-06-25
4327,0,475,457,2006-06-26
5642,0,628,479,2018-06-21
6041,0,472,660,2010-06-18
7112,0,162,478,2006-07-09
8535,0,449,214,2014-07-05
9819,0,209,478,2014-06-25
10702,0,205,207,2014-06-28
18986,0,466,2627,2006-06-10
10867,0,455,214,2014-06-29
14817,0,482,660,2014-06-22
15984,0,477,627,2006-06-18
16465,0,448,482,2006-07-01
18996,0,454,624,2014-06-26
19154,0,162,660,2006-06-17
23581,0,448,660,2010-06-12
24248,0,478,212,2010-06-11
26016,0,477,479,2018-07-01
28076,0,482,469,2018-06-25
1218,0,4469,628,2010-06-19
10811,0,448,208,2018-07-03
726,0,214,448,2014-06-24
-3775,0,210,2666,2010-06-24
-667,0,454,451,2014-06-17
552,0,2666,468,2010-06-15
-54884,0,482,164,2018-06-15
-50749,0,624,448,2010-06-18
-46585,0,4469,481,2014-06-21
-36505,0,454,164,2018-07-01
-28242,0,202,481,2006-06-30
-23293,0,210,162,2010-06-14
-22028,0,454,477,2018-07-07
-20107,0,203,205,2014-06-17
-18879,0,475,478,2006-06-13
-16317,0,654,627,2018-06-24
-16088,0,2666,162,2010-06-20
-67448,0,2869,164,2018-06-25
-12147,0,628,477,2006-06-22
-9966,0,455,627,2014-06-19
-8792,0,202,470,2018-06-16
-8753,0,214,475,2018-06-27
-6278,0,205,475,2018-06-17
-5333,0,210,627,2010-06-29
-4793,0,482,4789,2010-06-15
-4257,0,657,451,2010-06-22
-3718,0,469,653,2006-06-21
-14198,0,202,449,2006-06-21
-1571,0,203,653,2006-06-16
18038,1,459,624,2014-06-17
17546,1,205,208,2014-07-04
17315,1,481,4469,2010-06-23
15760,1,481,466,2018-06-23
9469,1,475,209,2014-06-15
12701,1,208,654,2018-06-28
12561,1,482,449,2006-06-25
18107,1,479,656,2010-06-19
8857,1,207,215,2010-06-16
12751,1,459,205,2018-07-06
18818,1,482,653,2006-06-11
28175,1,459,627,2018-07-02
23027,1,449,628,2014-06-18
23363,1,466,210,2006-06-15
27304,1,202,657,2018-06-26
35660,1,449,205,2010-07-02
41526,1,448,210,2006-06-10
42775,1,202,469,2014-06-21
43116,1,449,468,2010-06-28
57174,1,164,207,2010-06-25
66213,1,481,624,2014-06-30
8851,1,478,205,2006-07-01
66463,1,164,469,2018-06-20
20622,1,482,2869,2018-06-20
7519,1,660,624,2010-06-23
13445,1,449,446,2006-06-11
4837,1,469,2869,2018-06-15
6059,1,459,454,2014-06-22
-37735,1,654,471,2018-06-19
-32986,1,6757,481,2010-06-18
-32602,1,203,481,2018-06-17
-20464,1,477,470,2018-06-26
-17462,1,162,448,2014-06-14
-16542,1,212,482,2018-06-30
-10471,1,6757,214,2018-06-17
-9458,1,479,211,2018-06-16
-8963,1,4469,660,2010-06-26
-7601,1,466,475,2018-07-03
-5890,1,627,656,2010-06-14
-14754,1,212,448,2014-06-19
-5241,1,655,2620,2018-06-25
-4016,1,455,4789,2014-06-24
-3847,1,4789,627,2014-06-15
-3777,1,471,627,2018-06-28
-3637,1,202,4789,2006-06-10
-2742,1,212,162,2014-06-24
-2683,1,478,211,2018-06-21
-1449,1,4469,6757,2010-06-13
-628,1,628,6757,2010-06-23
-122,1,451,4356,2006-06-13
-5635,1,478,482,2006-07-05
2369,1,4789,446,2006-06-21
10322,2,205,477,2014-06-12
14814,2,475,451,2006-06-23
16718,2,475,4356,2006-06-19
18540,2,478,657,2014-06-30
44033,2,164,215,2010-06-21
22661,2,478,4356,2006-06-23
23152,2,459,448,2018-07-14
23366,2,207,628,2014-06-13
25093,2,477,657,2018-06-16
9656,2,205,628,2006-06-18
21109,2,162,4469,2006-06-12
8774,2,481,466,2006-06-24
-1151,2,210,2627,2006-06-20
7244,2,628,627,2006-06-12
7820,2,202,203,2010-06-27
-29561,2,207,164,2014-06-18
-25770,2,657,470,2018-06-22
-17388,2,203,477,2014-06-23
-28661,2,203,478,2010-06-17
-6573,2,208,212,2014-06-28
-1585,2,202,455,2010-06-22
-561,2,205,4789,2010-06-20
-57,2,203,469,2006-06-11
-16628,2,4469,450,2006-06-17
8171,3,208,471,2018-06-24
27369,3,481,209,2006-06-20
25223,3,459,2659,2018-06-18
23907,3,162,457,2006-06-30
16289,3,450,660,2006-06-12
5786,3,478,475,2014-06-20
-16,3,212,454,2018-06-25
3312,3,475,215,2014-06-25
2870,3,209,214,2006-06-15
-3835,3,449,205,2014-07-12
-27467,3,208,627,2014-06-24
5262,3,202,451,2010-06-17
-48552,4,449,164,2014-06-13
8474,4,481,482,2014-06-16
-6326,5,448,2659,2018-06-24
-1245,6,202,446,2006-06-16
64969,6,481,205,2014-07-08
