chem_diff,goal_diff,team_1,team_2,date,rank_diff
-10246,-7,4860,482,2010-06-21,-964
-13468,-5,655,454,2018-06-14,8
-31327,-4,656,477,2014-06-18,-345
-28934,-4,628,481,2010-06-13,-196
-5275,-4,655,457,2006-06-19,42
10236,-3,455,208,2014-06-14,-73
6238,-3,448,481,2010-06-27,-14
2860,-3,467,212,2010-06-16,-508
-2732,-3,627,205,2006-06-22,-122
-3278,-3,215,478,2014-06-15,-182
-11304,-3,4860,4789,2010-06-25,-571
-279,-3,203,466,2018-06-27,109
-13114,-3,4469,205,2006-06-27,-227
-22371,-3,202,477,2018-06-21,296
-38571,-3,656,205,2014-06-23,-684
-39910,-3,659,459,2018-06-23,-388
-55956,-3,628,164,2014-06-23,-959
-12379,-3,207,205,2010-06-28,-723
-311,-2,482,481,2006-07-08,54
-88,-2,628,211,2018-06-26,-407
1442,-2,466,448,2018-07-07,-171
7514,-2,455,451,2010-06-12,332
9639,-2,471,209,2006-06-09,46
22160,-2,212,214,2014-06-14,385
17513,-2,451,624,2014-06-22,-311
22660,-2,479,627,2010-06-24,85
24933,-2,481,451,2018-06-27,1014
-1133,-2,214,205,2018-06-22,-547
16172,-2,477,478,2018-07-15,-253
-1219,-2,468,210,2010-06-20,-43
160,-2,207,449,2014-06-23,45
-5364,-2,203,205,2018-07-02,-442
-4835,-2,469,452,2014-06-25,-232
-33955,-2,479,449,2010-06-14,-464
-26134,-2,469,482,2006-06-17,-64
-25993,-2,214,481,2006-06-09,-13
-21197,-2,450,162,2006-06-22,44
-17021,-2,6757,205,2018-06-27,-680
-41779,-2,2627,448,2006-06-15,-137
-8418,-2,481,162,2006-07-04,-32
-8078,-2,164,478,2006-06-27,7
-7345,-2,659,164,2006-06-19,-63
-5447,-2,2620,454,2018-06-19,192
-14158,-2,212,478,2018-07-06,-180
508,-1,215,209,2014-06-20,-60
-515,-1,659,457,2006-06-23,84
-962,-1,4789,208,2014-06-19,-328
-1086,-1,202,478,2018-06-30,43
-2210,-1,448,459,2018-06-28,-247
-6060,-1,657,202,2010-06-12,-193
-7902,-1,4469,482,2014-06-26,-485
-7921,-1,203,202,2006-06-24,12
-8122,-1,657,455,2010-06-17,-81
1439,-1,203,212,2010-06-22,-4
-8405,-1,475,207,2010-06-21,-22
-3050,-1,2620,212,2018-06-15,-369
1785,-1,451,212,2010-06-26,-267
11543,-1,660,459,2014-07-01,-39
3572,-1,477,205,2006-06-13,-141
3585,-1,203,449,2014-06-29,-99
7101,-1,660,4469,2006-06-22,156
9540,-1,628,478,2018-06-16,-480
12308,-1,2659,659,2018-06-28,-339
13804,-1,452,657,2014-06-21,233
14475,-1,478,467,2010-06-22,653
19113,-1,162,468,2010-06-24,407
25963,-1,162,214,2014-06-20,342
30519,-1,459,478,2018-07-10,100
55262,-1,164,475,2010-06-16,699
-8859,-1,214,471,2006-06-20,6
3182,-1,451,459,2014-06-26,-527
-9605,-1,459,202,2014-07-05,-101
-15655,-1,655,164,2006-06-23,-105
-12249,-1,4469,660,2014-06-16,-331
-66336,-1,210,164,2010-07-03,-745
-11402,-1,208,627,2018-06-19,465
-55000,-1,478,481,2014-07-04,-387
-52638,-1,482,164,2010-06-29,-316
-51681,-1,202,481,2014-07-13,-125
-48538,-1,656,449,2010-06-24,-344
-47479,-1,627,449,2010-06-19,-549
-40391,-1,212,449,2010-07-06,-332
-38807,-1,657,202,2014-06-25,-535
-29087,-1,209,448,2006-06-25,-110
-25387,-1,451,203,2018-06-23,-445
-25042,-1,624,472,2010-06-13,-39
-23841,-1,628,162,2006-06-26,-116
-57011,-1,660,481,2014-06-26,-265
-20617,-1,4860,205,2010-06-15,-1326
-22307,-1,6757,475,2018-06-22,-448
-12624,-1,655,212,2018-06-20,-553
-13217,-1,451,466,2018-06-18,-336
-13582,-1,4789,449,2006-06-16,-99
-13643,-1,656,203,2014-06-13,-324
-12458,-1,203,482,2006-06-21,8
-14265,-1,448,477,2018-07-11,106
-16300,-1,475,202,2014-07-01,-26
-17100,-1,472,448,2010-06-23,-208
-19910,-1,452,202,2014-06-15,-302
-14043,-1,659,448,2018-06-18,-141
2761,0,479,478,2018-06-26,-147
10618,0,657,469,2014-06-16,-1
2902,0,475,215,2010-06-25,132
4069,0,205,482,2010-06-25,362
4327,0,475,457,2006-06-26,39
5642,0,628,479,2018-06-21,-333
6041,0,472,660,2010-06-18,-97
7112,0,162,478,2006-07-09,-21
8535,0,449,214,2014-07-05,219
9819,0,209,478,2014-06-25,-122
10702,0,205,207,2014-06-28,216
18986,0,466,2627,2006-06-10,105
10867,0,455,214,2014-06-29,302
14817,0,482,660,2014-06-22,154
15984,0,477,627,2006-06-18,-19
16465,0,448,482,2006-07-01,-9
18996,0,454,624,2014-06-26,35
19154,0,162,660,2006-06-17,-28
23581,0,448,660,2010-06-12,111
24248,0,478,212,2010-06-11,145
26016,0,477,479,2018-07-01,-106
28076,0,482,469,2018-06-25,566
1218,0,4469,628,2010-06-19,-86
10811,0,448,208,2018-07-03,65
726,0,214,448,2014-06-24,-328
-3775,0,210,2666,2010-06-24,410
-667,0,454,451,2014-06-17,346
552,0,2666,468,2010-06-15,-367
-54884,0,482,164,2018-06-15,148
-50749,0,624,448,2010-06-18,-247
-46585,0,4469,481,2014-06-21,-596
-36505,0,454,164,2018-07-01,-669
-28242,0,202,481,2006-06-30,50
-23293,0,210,162,2010-06-14,-364
-22028,0,454,477,2018-07-07,-488
-20107,0,203,205,2014-06-17,-360
-18879,0,475,478,2006-06-13,-101
-16317,0,654,627,2018-06-24,317
-16088,0,2666,162,2010-06-20,-774
-67448,0,2869,164,2018-06-25,-440
-12147,0,628,477,2006-06-22,-74
-9966,0,455,627,2014-06-19,438
-8792,0,202,470,2018-06-16,333
-8753,0,214,475,2018-06-27,-315
-6278,0,205,475,2018-06-17,232
-5333,0,210,627,2010-06-29,138
-4793,0,482,4789,2010-06-15,393
-4257,0,657,451,2010-06-22,251
-3718,0,469,653,2006-06-21,105
-14198,0,202,449,2006-06-21,-22
-1571,0,203,653,2006-06-16,177
18038,1,459,624,2014-06-17,216
17546,1,205,208,2014-07-04,105
17315,1,481,4469,2010-06-23,282
15760,1,481,466,2018-06-23,678
9469,1,475,209,2014-06-15,358
12701,1,208,654,2018-06-28,148
12561,1,482,449,2006-06-25,-18
18107,1,479,656,2010-06-19,-120
8857,1,207,215,2010-06-16,154
12751,1,459,205,2018-07-06,-133
18818,1,482,653,2006-06-11,169
28175,1,459,627,2018-07-02,777
23027,1,449,628,2014-06-18,455
23363,1,466,210,2006-06-15,56
27304,1,202,657,2018-06-26,623
35660,1,449,205,2010-07-02,-380
41526,1,448,210,2006-06-10,88
42775,1,202,469,2014-06-21,534
43116,1,449,468,2010-06-28,454
57174,1,164,207,2010-06-25,677
66213,1,481,624,2014-06-30,442
8851,1,478,205,2006-07-01,-78
66463,1,164,469,2018-06-20,418
20622,1,482,2869,2018-06-20,588
7519,1,660,624,2010-06-23,136
13445,1,449,446,2006-06-11,158
4837,1,469,2869,2018-06-15,22
6059,1,459,454,2014-06-22,181
-37735,1,654,471,2018-06-19,-345
-32986,1,6757,481,2010-06-18,-135
-32602,1,203,481,2018-06-17,-569
-20464,1,477,470,2018-06-26,37
-17462,1,162,448,2014-06-14,14
-16542,1,212,482,2018-06-30,-256
-10471,1,6757,214,2018-06-17,-133
-9458,1,479,211,2018-06-16,-74
-8963,1,4469,660,2010-06-26,-157
-7601,1,466,475,2018-07-03,-319
-5890,1,627,656,2010-06-14,-205
-14754,1,212,448,2014-06-19,57
-5241,1,655,2620,2018-06-25,-184
-4016,1,455,4789,2014-06-24,255
-3847,1,4789,627,2014-06-15,183
-3777,1,471,627,2018-06-28,662
-3637,1,202,4789,2006-06-10,77
-2742,1,212,162,2014-06-24,43
-2683,1,478,211,2018-06-21,73
-1449,1,4469,6757,2010-06-13,-147
-628,1,628,6757,2010-06-23,-61
-122,1,451,4356,2006-06-13,108
-5635,1,478,482,2006-07-05,-1
2369,1,4789,446,2006-06-21,59
10322,2,205,477,2014-06-12,339
14814,2,475,451,2006-06-23,-29
16718,2,475,4356,2006-06-19,79
18540,2,478,657,2014-06-30,273
44033,2,164,215,2010-06-21,831
22661,2,478,4356,2006-06-23,180
23152,2,459,448,2018-07-14,247
23366,2,207,628,2014-06-13,500
25093,2,477,657,2018-06-16,327
9656,2,205,628,2006-06-18,215
21109,2,162,4469,2006-06-12,128
8774,2,481,466,2006-06-24,-13
-1151,2,210,2627,2006-06-20,49
7244,2,628,627,2006-06-12,-93
7820,2,202,203,2010-06-27,181
-29561,2,207,164,2014-06-18,-459
-25770,2,657,470,2018-06-22,-290
-17388,2,203,477,2014-06-23,-21
-28661,2,203,478,2010-06-17,-149
-6573,2,208,212,2014-06-28,-10
-1585,2,202,455,2010-06-22,112
-561,2,205,4789,2010-06-20,755
-57,2,203,469,2006-06-11,72
-16628,2,4469,450,2006-06-17,-172
8171,3,208,471,2018-06-24,-197
27369,3,481,209,2006-06-20,65
25223,3,459,2659,2018-06-18,727
23907,3,162,457,2006-06-30,119
16289,3,450,660,2006-06-12,16
5786,3,478,475,2014-06-20,-236
-16,3,212,454,2018-06-25,561
3312,3,475,215,2014-06-25,418
2870,3,209,214,2006-06-15,-52
-3835,3,449,205,2014-07-12,-261
-27467,3,208,627,2014-06-24,511
5262,3,202,451,2010-06-17,444
-48552,4,449,164,2014-06-13,-504
8474,4,481,482,2014-06-16,111
-6326,5,448,2659,2018-06-24,480
-1245,6,202,446,2006-06-16,136
64969,6,481,205,2014-07-08,58